material_name,resistivity,bandgap,structure,target
Ge,0.2237,2.04,Tetragonal,1
CuMnSnO,0.7029,2.29,Cubic,0
Ge,0.2017,2.41,Tetragonal,1
CuO,0.5651,2.84,Tetragonal,0
CuO,0.8771,1.47,Orthorhombic,0
GaAs,0.7877,2.3,Cubic,0
CuMnSnO,0.8574,2.03,Cubic,0
Si,0.4955,1.34,Cubic,0
GaAs,0.4038,3.07,Monoclinic,1
Si,0.9617,2.61,Hexagonal,0
Ge,0.6915,1.71,Tetragonal,0
ZnO,0.3394,2.41,Monoclinic,1
GaAs,0.8081,3.29,Tetragonal,0
CuMnSnO,0.6677,2.79,Tetragonal,0
Ge,0.9306,2.29,Tetragonal,0
Si,0.8944,2.99,Orthorhombic,0
ZnO,0.8756,1.01,Cubic,0
CuO,0.0782,2.59,Tetragonal,1
CuMnSnO,0.0236,3.33,Hexagonal,1
GaAs,0.8048,2.94,Tetragonal,0
CuO,0.7916,2.67,Cubic,0
ZnO,0.633,2.68,Tetragonal,0
ZnO,0.4376,1.35,Tetragonal,0
CuO,0.6371,2.09,Cubic,0
CuO,0.5354,1.37,Cubic,0
Ge,0.3253,3.02,Monoclinic,1
CuO,0.5934,2.37,Orthorhombic,0
GaAs,0.9216,1.51,Cubic,0
CuO,0.8438,1.76,Monoclinic,0
CuO,0.9916,1.73,Hexagonal,0
CuMnSnO,0.0943,3.19,Monoclinic,1
CuO,0.952,1.08,Cubic,0
ZnO,0.1712,2.59,Cubic,1
ZnO,0.3253,2.54,Orthorhombic,1
GaAs,0.385,2.09,Cubic,1
CuO,0.7941,1.97,Hexagonal,0
GaAs,0.0587,2.43,Hexagonal,1
GaAs,0.33,2.42,Hexagonal,1
CuMnSnO,0.0683,1.37,Monoclinic,0
Si,0.6756,1.3,Monoclinic,0
ZnO,0.2852,3.19,Cubic,1
Ge,0.7542,1.88,Hexagonal,0
Ge,0.2619,3.32,Hexagonal,1
Ge,0.7305,3.01,Cubic,0
Si,0.3095,3.29,Tetragonal,1
GaAs,0.1669,2.71,Cubic,1
GaAs,0.3312,1.15,Hexagonal,0
Si,0.7088,2.73,Cubic,0
Ge,0.3123,1.28,Monoclinic,0
CuMnSnO,0.1951,2.82,Monoclinic,1
GaAs,0.6104,1.96,Cubic,0
CuO,0.9967,1.33,Orthorhombic,0
CuMnSnO,0.7865,2.22,Cubic,0
GaAs,0.3766,1.67,Hexagonal,0
CuMnSnO,0.477,2.94,Monoclinic,1
Ge,0.4845,1.4,Cubic,0
Si,0.3583,1.31,Cubic,0
CuMnSnO,0.274,2.82,Orthorhombic,1
Si,0.9158,3.21,Orthorhombic,0
Ge,0.9956,3.03,Hexagonal,0
CuO,0.8005,1.27,Tetragonal,0
Ge,0.5579,2.26,Cubic,0
GaAs,0.6678,1.98,Cubic,0
ZnO,0.1983,1.46,Orthorhombic,0
GaAs,0.6645,1.1,Cubic,0
GaAs,0.5748,2.53,Tetragonal,0
CuMnSnO,0.2717,2.76,Orthorhombic,1
CuMnSnO,0.8792,1.86,Tetragonal,0
GaAs,0.53,1.28,Tetragonal,0
CuO,0.8355,3.0,Cubic,0
GaAs,0.7691,1.23,Orthorhombic,0
Si,0.8977,1.44,Monoclinic,0
ZnO,0.8753,1.91,Monoclinic,0
CuO,0.6864,1.32,Hexagonal,0
Si,0.8781,2.25,Orthorhombic,0
CuO,0.7561,2.83,Monoclinic,0
CuMnSnO,0.6509,2.88,Hexagonal,0
Ge,0.7945,1.66,Hexagonal,0
CuO,0.5366,1.36,Cubic,0
GaAs,0.2098,2.63,Tetragonal,1
Si,0.1212,2.64,Tetragonal,1
Ge,0.9354,2.49,Monoclinic,0
Ge,0.8273,1.41,Cubic,0
CuMnSnO,0.6678,1.07,Hexagonal,0
Si,0.2911,3.13,Cubic,1
CuO,0.4634,2.74,Tetragonal,1
Si,0.667,1.74,Hexagonal,0
ZnO,0.3426,2.36,Cubic,1
CuMnSnO,0.6448,3.02,Tetragonal,0
Ge,0.7103,2.5,Orthorhombic,0
ZnO,0.2778,2.46,Monoclinic,1
CuO,0.3142,2.25,Monoclinic,1
GaAs,0.6367,3.04,Orthorhombic,0
ZnO,0.7297,2.3,Tetragonal,0
GaAs,0.6098,2.76,Monoclinic,0
Si,0.0227,1.02,Orthorhombic,0
Ge,0.1795,2.74,Tetragonal,1
CuMnSnO,0.6469,1.73,Orthorhombic,0
Si,0.279,3.29,Cubic,1
ZnO,0.7989,1.71,Tetragonal,0
Ge,0.7645,2.54,Orthorhombic,0
ZnO,0.8396,2.2,Hexagonal,0
GaAs,0.8594,1.11,Monoclinic,0
CuO,0.8894,2.59,Tetragonal,0
CuMnSnO,0.8563,2.62,Monoclinic,0
Si,0.4837,1.63,Tetragonal,0
Si,0.9961,2.2,Monoclinic,0
CuO,0.6917,1.23,Tetragonal,0
CuO,0.5932,1.64,Hexagonal,0
CuO,0.7253,2.22,Hexagonal,0
CuMnSnO,0.9773,2.14,Orthorhombic,0
CuMnSnO,0.3623,3.0,Hexagonal,1
CuMnSnO,0.2641,2.8,Hexagonal,1
GaAs,0.859,1.12,Orthorhombic,0
Ge,0.7716,3.34,Tetragonal,0
ZnO,0.7816,2.91,Monoclinic,0
Si,0.2098,1.32,Monoclinic,0
Si,0.1663,2.09,Tetragonal,1
Si,0.4391,2.81,Tetragonal,1
GaAs,0.2225,1.76,Orthorhombic,0
Si,0.424,1.66,Hexagonal,0
ZnO,0.7657,2.83,Cubic,0
GaAs,0.2421,1.33,Tetragonal,0
CuO,0.8214,1.19,Orthorhombic,0
Ge,0.2933,2.41,Monoclinic,1
Si,0.3883,2.33,Orthorhombic,1
CuO,0.5474,1.74,Orthorhombic,0
CuO,0.6758,3.12,Hexagonal,0
Si,0.6162,2.95,Orthorhombic,0
Ge,0.8876,3.47,Tetragonal,0
ZnO,0.4463,2.1,Tetragonal,1
GaAs,0.464,1.08,Cubic,0
ZnO,0.0222,1.01,Orthorhombic,0
Ge,0.1073,1.46,Orthorhombic,0
Si,0.0114,2.03,Monoclinic,1
Ge,0.4787,2.98,Orthorhombic,1
GaAs,0.4765,2.14,Cubic,1
CuMnSnO,0.755,2.84,Hexagonal,0
ZnO,0.1267,2.31,Cubic,1
GaAs,0.127,2.54,Monoclinic,1
Ge,0.8021,2.04,Hexagonal,0
Si,0.5532,2.83,Tetragonal,0
CuMnSnO,0.2496,3.33,Orthorhombic,1
CuMnSnO,0.4774,2.81,Orthorhombic,1
GaAs,0.0113,1.48,Orthorhombic,0
CuO,0.8267,3.47,Cubic,0
ZnO,0.3437,3.14,Hexagonal,1
Si,0.6416,3.45,Monoclinic,0
ZnO,0.4482,2.87,Hexagonal,1
CuO,0.7427,2.27,Hexagonal,0
CuO,0.099,3.14,Tetragonal,1
GaAs,0.8277,2.26,Cubic,0
ZnO,0.0642,2.07,Cubic,1
Si,0.6552,3.02,Orthorhombic,0
GaAs,0.7769,3.31,Orthorhombic,0
Si,0.6808,1.56,Cubic,0
Ge,0.3611,1.17,Hexagonal,0
Si,0.2582,2.75,Hexagonal,1
CuO,0.2233,2.76,Hexagonal,1
CuO,0.0531,3.33,Cubic,1
Ge,0.4438,2.65,Cubic,1
CuMnSnO,0.281,1.47,Tetragonal,0
Si,0.1558,3.21,Tetragonal,1
CuMnSnO,0.1994,1.69,Cubic,0
CuO,0.3348,2.5,Tetragonal,1
CuMnSnO,0.1625,3.24,Cubic,1
ZnO,0.0935,2.45,Tetragonal,1
Si,0.7679,3.27,Monoclinic,0
ZnO,0.4595,2.28,Orthorhombic,1
Si,0.328,1.09,Cubic,0
Ge,0.8178,3.03,Tetragonal,0
CuO,0.5903,3.25,Tetragonal,0
CuMnSnO,0.8108,3.08,Tetragonal,0
CuMnSnO,0.0437,1.99,Orthorhombic,0
CuMnSnO,0.2457,1.2,Tetragonal,0
CuO,0.4368,2.75,Monoclinic,1
CuO,0.9033,2.35,Monoclinic,0
GaAs,0.6623,2.06,Monoclinic,0
Ge,0.5167,3.14,Cubic,0
Ge,0.2585,2.39,Orthorhombic,1
Ge,0.7275,2.59,Cubic,0
Si,0.6231,1.95,Tetragonal,0
CuMnSnO,0.9678,2.3,Hexagonal,0
GaAs,0.1568,1.83,Hexagonal,0
ZnO,0.3915,2.22,Tetragonal,1
ZnO,0.624,1.13,Tetragonal,0
GaAs,0.827,1.67,Cubic,0
Si,0.8346,1.14,Hexagonal,0
CuO,0.6816,1.61,Tetragonal,0
Ge,0.5654,1.08,Tetragonal,0
ZnO,0.672,1.17,Tetragonal,0
Ge,0.86,1.34,Tetragonal,0
ZnO,0.2476,2.68,Tetragonal,1
Ge,0.0226,2.35,Hexagonal,1
Ge,0.7577,3.34,Monoclinic,0
Ge,0.9675,1.08,Tetragonal,0
Ge,0.8582,2.54,Tetragonal,0
CuMnSnO,0.6625,2.06,Orthorhombic,0
Ge,0.3226,1.73,Orthorhombic,0
Ge,0.4672,1.16,Orthorhombic,0
GaAs,0.9706,2.1,Hexagonal,0
CuO,0.7995,1.39,Hexagonal,0
Si,0.2485,1.55,Hexagonal,0
ZnO,0.0875,2.29,Hexagonal,1
Si,0.6446,3.36,Monoclinic,0
ZnO,0.9384,1.18,Cubic,0
Ge,0.3195,2.76,Tetragonal,1
Si,0.9049,2.21,Cubic,0
ZnO,0.3069,1.58,Monoclinic,0
Ge,0.769,2.23,Orthorhombic,0
CuO,0.1364,2.86,Cubic,1
Si,0.7891,2.36,Monoclinic,0
Si,0.5265,1.13,Hexagonal,0
CuMnSnO,0.2717,1.82,Monoclinic,0
CuMnSnO,0.3249,1.4,Hexagonal,0
GaAs,0.6703,1.83,Hexagonal,0
Si,0.724,2.84,Tetragonal,0
ZnO,0.6824,1.53,Hexagonal,0
Ge,0.8442,3.1,Hexagonal,0
CuMnSnO,0.8812,2.5,Monoclinic,0
CuMnSnO,0.5528,2.97,Monoclinic,0
Si,0.4475,1.91,Orthorhombic,0
GaAs,0.9952,1.47,Tetragonal,0
ZnO,0.0654,2.55,Tetragonal,1
GaAs,0.6447,2.83,Hexagonal,0
Si,0.1649,2.03,Tetragonal,1
ZnO,0.1083,1.82,Tetragonal,0
CuO,0.5178,3.0,Orthorhombic,0
CuO,0.1449,2.44,Cubic,1
Ge,0.1303,1.54,Tetragonal,0
Si,0.7108,1.61,Cubic,0
ZnO,0.7768,1.72,Tetragonal,0
Si,0.0342,2.24,Tetragonal,1
Ge,0.6481,3.13,Cubic,0
ZnO,0.5137,2.27,Monoclinic,0
CuO,0.7037,1.66,Hexagonal,0
Ge,0.0915,1.96,Monoclinic,0
CuO,0.6458,1.26,Cubic,0
CuMnSnO,0.5735,2.21,Tetragonal,0
Si,0.8811,2.84,Tetragonal,0
GaAs,0.7158,1.87,Orthorhombic,0
ZnO,0.7281,2.12,Cubic,0
ZnO,0.541,1.26,Tetragonal,0
GaAs,0.5616,2.3,Orthorhombic,0
CuMnSnO,0.4747,1.92,Cubic,0
GaAs,0.9635,1.84,Tetragonal,0
CuMnSnO,0.4236,3.3,Hexagonal,1
CuO,0.4258,1.39,Hexagonal,0
Ge,0.9426,2.47,Cubic,0
GaAs,0.5068,1.99,Monoclinic,0
Ge,0.6151,2.76,Orthorhombic,0
CuMnSnO,0.301,2.85,Hexagonal,1
ZnO,0.4304,3.24,Cubic,1
CuMnSnO,0.933,2.89,Cubic,0
CuMnSnO,0.2151,2.18,Hexagonal,1
GaAs,0.6906,1.28,Tetragonal,0
ZnO,0.8863,2.67,Monoclinic,0
CuO,0.6655,1.28,Cubic,0
Si,0.9287,2.28,Hexagonal,0
GaAs,0.1614,1.34,Monoclinic,0
GaAs,0.3435,1.68,Hexagonal,0
Si,0.6279,1.49,Orthorhombic,0
CuO,0.3171,1.08,Tetragonal,0
CuO,0.9492,3.12,Hexagonal,0
Si,0.5294,3.0,Cubic,0
CuO,0.7984,2.87,Hexagonal,0
Ge,0.074,1.96,Orthorhombic,0
ZnO,0.0313,2.08,Hexagonal,1
ZnO,0.5178,2.62,Orthorhombic,0
GaAs,0.0126,1.97,Tetragonal,0
CuMnSnO,0.9131,2.74,Cubic,0
ZnO,0.4844,1.07,Monoclinic,0
ZnO,0.6262,1.93,Monoclinic,0
GaAs,0.7747,1.45,Cubic,0
Si,0.498,3.43,Monoclinic,1
GaAs,0.4333,2.21,Hexagonal,1
ZnO,0.62,2.66,Monoclinic,0
Si,0.0587,2.5,Tetragonal,1
ZnO,0.4706,1.51,Monoclinic,0
Ge,0.1014,3.37,Orthorhombic,1
Ge,0.1947,2.69,Hexagonal,1
Ge,0.3753,2.99,Cubic,1
Si,0.3316,1.15,Orthorhombic,0
GaAs,0.1238,1.42,Monoclinic,0
CuMnSnO,0.3976,1.27,Orthorhombic,0
CuO,0.113,1.88,Orthorhombic,0
GaAs,0.4686,1.31,Orthorhombic,0
Si,0.0353,2.01,Cubic,1
GaAs,0.3031,2.12,Monoclinic,1
CuO,0.0543,1.27,Cubic,0
CuMnSnO,0.5076,1.9,Orthorhombic,0
GaAs,0.2434,2.94,Cubic,1
GaAs,0.5793,2.55,Tetragonal,0
ZnO,0.1406,1.91,Monoclinic,0
GaAs,0.6846,2.96,Orthorhombic,0
CuMnSnO,0.8153,2.17,Tetragonal,0
ZnO,0.6553,1.2,Monoclinic,0
Ge,0.7713,2.98,Cubic,0
CuO,0.8989,2.2,Hexagonal,0
ZnO,0.7237,1.37,Tetragonal,0
ZnO,0.4723,3.12,Cubic,1
CuO,0.4351,1.88,Orthorhombic,0
ZnO,0.0333,2.57,Tetragonal,1
CuMnSnO,0.4088,3.0,Monoclinic,1
CuMnSnO,0.8546,3.21,Orthorhombic,0
ZnO,0.6001,2.13,Monoclinic,0
CuO,0.982,1.09,Monoclinic,0
GaAs,0.5665,1.58,Orthorhombic,0
Si,0.7127,2.37,Hexagonal,0
Si,0.2231,1.98,Hexagonal,0
ZnO,0.3711,3.13,Orthorhombic,1
ZnO,0.2888,3.47,Hexagonal,1
CuMnSnO,0.1345,2.25,Cubic,1
CuO,0.2804,3.01,Tetragonal,1
GaAs,0.6963,1.82,Hexagonal,0
Ge,0.8578,2.61,Orthorhombic,0
ZnO,0.2921,2.71,Orthorhombic,1
ZnO,0.7282,1.04,Monoclinic,0
ZnO,0.2163,1.56,Hexagonal,0
CuMnSnO,0.0653,1.07,Orthorhombic,0
ZnO,0.1148,2.74,Orthorhombic,1
ZnO,0.216,1.85,Monoclinic,0
GaAs,0.4663,1.53,Cubic,0
ZnO,0.9924,2.35,Cubic,0
Ge,0.7179,1.97,Orthorhombic,0
Ge,0.5271,1.41,Orthorhombic,0
ZnO,0.2867,3.4,Orthorhombic,1
Ge,0.1183,1.17,Tetragonal,0
Ge,0.1932,2.42,Cubic,1
Si,0.6855,1.97,Cubic,0
Ge,0.6018,1.62,Orthorhombic,0
CuO,0.0708,1.55,Monoclinic,0
GaAs,0.8742,1.01,Tetragonal,0
Si,0.5074,1.56,Monoclinic,0
Ge,0.4765,1.31,Monoclinic,0
CuO,0.4078,2.98,Orthorhombic,1
Si,0.207,2.3,Cubic,1
ZnO,0.6585,3.18,Orthorhombic,0
Si,0.3466,3.33,Orthorhombic,1
Si,0.6826,1.14,Monoclinic,0
CuO,0.6435,3.26,Orthorhombic,0
ZnO,0.0355,1.93,Cubic,0
ZnO,0.8207,2.54,Orthorhombic,0
CuO,0.8006,2.49,Tetragonal,0
GaAs,0.3306,3.08,Cubic,1
CuO,0.102,2.68,Cubic,1
ZnO,0.7886,2.77,Hexagonal,0
Si,0.5128,2.9,Monoclinic,0
Si,0.824,3.29,Cubic,0
CuMnSnO,0.7495,2.02,Tetragonal,0
Si,0.9264,1.98,Cubic,0
GaAs,0.6567,3.24,Orthorhombic,0
CuMnSnO,0.98,2.63,Cubic,0
GaAs,0.7029,1.15,Tetragonal,0
Ge,0.1445,2.53,Monoclinic,1
Ge,0.4887,2.1,Monoclinic,1
GaAs,0.3817,3.4,Monoclinic,1
CuO,0.1215,3.37,Monoclinic,1
CuMnSnO,0.738,2.33,Cubic,0
Ge,0.2373,2.56,Orthorhombic,1
CuMnSnO,0.8727,1.51,Orthorhombic,0
Si,0.4225,2.05,Orthorhombic,1
CuO,0.3919,1.1,Tetragonal,0
ZnO,0.5466,3.06,Cubic,0
Si,0.4875,1.45,Orthorhombic,0
Si,0.3923,2.67,Cubic,1
CuO,0.7127,2.22,Tetragonal,0
ZnO,0.2901,1.19,Hexagonal,0
ZnO,0.5147,1.58,Tetragonal,0
GaAs,0.4611,2.68,Cubic,1
ZnO,0.1441,2.72,Tetragonal,1
CuO,0.8999,1.46,Cubic,0
Si,0.937,3.3,Cubic,0
GaAs,0.4073,1.63,Cubic,0
CuMnSnO,0.3811,1.52,Orthorhombic,0
Ge,0.8741,1.8,Hexagonal,0
GaAs,0.4875,1.5,Hexagonal,0
ZnO,0.6453,1.4,Cubic,0
CuMnSnO,0.5441,2.05,Hexagonal,0
Si,0.1149,2.71,Orthorhombic,1
ZnO,0.2789,3.34,Orthorhombic,1
Ge,0.8439,2.58,Orthorhombic,0
Si,0.0142,1.09,Orthorhombic,0
Si,0.3086,1.03,Orthorhombic,0
Si,0.4561,1.12,Orthorhombic,0
CuO,0.1741,1.14,Cubic,0
CuMnSnO,0.8185,1.65,Monoclinic,0
ZnO,0.5301,1.09,Orthorhombic,0
Ge,0.6161,3.46,Tetragonal,0
Si,0.6938,1.23,Hexagonal,0
GaAs,0.6193,1.04,Orthorhombic,0
ZnO,0.2119,2.61,Orthorhombic,1
CuO,0.3129,1.45,Tetragonal,0
GaAs,0.746,1.31,Monoclinic,0
CuO,0.1024,2.68,Cubic,1
GaAs,0.8966,1.77,Orthorhombic,0
Ge,0.6161,3.47,Orthorhombic,0
Si,0.7601,2.48,Monoclinic,0
GaAs,0.0435,2.49,Hexagonal,1
GaAs,0.9406,2.39,Orthorhombic,0
Si,0.2742,1.35,Cubic,0
ZnO,0.1246,1.66,Hexagonal,0
CuMnSnO,0.0252,1.36,Monoclinic,0
GaAs,0.0945,2.3,Monoclinic,1
GaAs,0.9161,2.5,Tetragonal,0
ZnO,0.8122,3.4,Cubic,0
Si,0.0462,1.04,Hexagonal,0
Si,0.2358,2.38,Hexagonal,1
GaAs,0.185,2.3,Monoclinic,1
Si,0.462,2.88,Orthorhombic,1
ZnO,0.4728,1.51,Tetragonal,0
CuMnSnO,0.0425,2.24,Hexagonal,1
GaAs,0.3933,2.17,Tetragonal,1
CuO,0.4006,2.26,Tetragonal,1
GaAs,0.685,3.33,Hexagonal,0
GaAs,0.6196,2.83,Monoclinic,0
CuMnSnO,0.1975,2.9,Tetragonal,1
GaAs,0.4517,1.18,Hexagonal,0
Si,0.3683,1.2,Tetragonal,0
GaAs,0.2649,2.43,Monoclinic,1
ZnO,0.632,1.05,Tetragonal,0
CuMnSnO,0.2306,1.86,Tetragonal,0
ZnO,0.5947,2.68,Tetragonal,0
GaAs,0.7161,2.71,Hexagonal,0
Si,0.2645,1.72,Hexagonal,0
ZnO,0.5724,1.22,Tetragonal,0
CuO,0.7099,2.42,Hexagonal,0
Si,0.7619,2.42,Cubic,0
Si,0.7767,3.08,Hexagonal,0
ZnO,0.9359,2.37,Cubic,0
CuO,0.7377,3.35,Orthorhombic,0
Si,0.1043,1.52,Cubic,0
Si,0.4945,3.46,Monoclinic,1
Si,0.2989,2.57,Orthorhombic,1
Si,0.254,1.23,Hexagonal,0
CuO,0.4059,3.41,Orthorhombic,1
CuMnSnO,0.4265,1.69,Cubic,0
CuO,0.9432,1.01,Monoclinic,0
CuO,0.4561,3.22,Monoclinic,1
Ge,0.5817,1.25,Hexagonal,0
GaAs,0.2003,2.5,Hexagonal,1
GaAs,0.7196,2.39,Cubic,0
Ge,0.4714,2.16,Monoclinic,1
Si,0.3664,3.04,Cubic,1
GaAs,0.7071,2.06,Hexagonal,0
ZnO,0.3124,1.34,Monoclinic,0
CuMnSnO,0.2852,1.41,Hexagonal,0
CuO,0.2972,3.33,Monoclinic,1
ZnO,0.9903,1.0,Orthorhombic,0
CuO,0.8118,1.16,Tetragonal,0
CuO,0.2745,1.93,Cubic,0
Si,0.0311,3.08,Hexagonal,1
CuMnSnO,0.8028,1.97,Tetragonal,0
ZnO,0.9537,3.19,Monoclinic,0
CuO,0.5099,1.39,Orthorhombic,0
CuMnSnO,0.5881,2.74,Hexagonal,0
CuMnSnO,0.5503,1.11,Tetragonal,0
GaAs,0.2128,1.63,Tetragonal,0
GaAs,0.64,3.18,Monoclinic,0
CuMnSnO,0.9141,2.48,Cubic,0
Ge,0.4215,2.15,Monoclinic,1
CuMnSnO,0.7396,2.13,Tetragonal,0
CuMnSnO,0.8462,2.65,Cubic,0
CuO,0.1468,3.19,Tetragonal,1
ZnO,0.581,1.87,Tetragonal,0
GaAs,0.6772,2.02,Hexagonal,0
ZnO,0.5973,2.97,Cubic,0
CuMnSnO,0.2744,1.6,Monoclinic,0
CuO,0.454,2.14,Monoclinic,1
Si,0.7684,1.51,Hexagonal,0
CuO,0.6982,2.28,Orthorhombic,0
CuMnSnO,0.6069,3.03,Monoclinic,0
ZnO,0.4704,2.64,Orthorhombic,1
GaAs,0.3208,1.8,Tetragonal,0
GaAs,0.8102,1.34,Orthorhombic,0
Ge,0.3214,3.26,Orthorhombic,1
Ge,0.5072,2.75,Hexagonal,0
ZnO,0.7003,2.61,Hexagonal,0
ZnO,0.9457,1.6,Monoclinic,0
ZnO,0.2877,2.18,Monoclinic,1
Ge,0.1537,3.31,Tetragonal,1
GaAs,0.7627,1.1,Orthorhombic,0
Si,0.2867,3.24,Monoclinic,1
CuO,0.7477,1.8,Cubic,0
Si,0.6034,2.05,Monoclinic,0
GaAs,0.5999,1.42,Monoclinic,0
CuMnSnO,0.9417,2.92,Monoclinic,0
ZnO,0.7889,2.81,Monoclinic,0
GaAs,0.8075,1.24,Orthorhombic,0
Si,0.4974,1.32,Orthorhombic,0
CuMnSnO,0.3563,1.77,Cubic,0
ZnO,0.7169,2.91,Orthorhombic,0
CuO,0.9347,2.36,Hexagonal,0
CuMnSnO,0.3309,2.05,Cubic,1
GaAs,0.1283,1.14,Orthorhombic,0
CuO,0.4288,1.32,Tetragonal,0
CuO,0.4874,2.28,Hexagonal,1
CuO,0.378,2.66,Orthorhombic,1
GaAs,0.993,2.7,Orthorhombic,0
Si,0.7099,2.58,Cubic,0
ZnO,0.7806,2.31,Cubic,0
CuO,0.5208,2.0,Hexagonal,0
CuO,0.8976,1.43,Cubic,0
Si,0.876,2.43,Hexagonal,0
Ge,0.8966,3.27,Hexagonal,0
CuO,0.8157,1.89,Orthorhombic,0
ZnO,0.061,3.36,Monoclinic,1
CuMnSnO,0.8134,1.02,Hexagonal,0
Ge,0.4054,3.06,Monoclinic,1
GaAs,0.5866,2.84,Orthorhombic,0
ZnO,0.5547,2.93,Hexagonal,0
CuO,0.6966,1.44,Tetragonal,0
CuO,0.1267,2.41,Monoclinic,1
GaAs,0.9656,2.88,Tetragonal,0
Ge,0.2956,2.71,Orthorhombic,1
CuO,0.118,2.78,Tetragonal,1
Ge,0.8063,1.19,Orthorhombic,0
ZnO,0.4859,1.74,Orthorhombic,0
ZnO,0.2331,3.28,Cubic,1
Ge,0.0438,3.03,Monoclinic,1
Ge,0.7835,1.18,Tetragonal,0
ZnO,0.7105,2.62,Hexagonal,0
ZnO,0.7041,2.32,Monoclinic,0
GaAs,0.8963,2.87,Monoclinic,0
Si,0.8186,1.01,Cubic,0
ZnO,0.8781,2.21,Monoclinic,0
CuMnSnO,0.0512,1.88,Cubic,0
ZnO,0.294,3.29,Monoclinic,1
ZnO,0.7487,2.58,Monoclinic,0
Si,0.9083,2.08,Hexagonal,0
ZnO,0.6495,1.62,Cubic,0
CuMnSnO,0.1561,2.29,Tetragonal,1
CuO,0.214,2.61,Orthorhombic,1
ZnO,0.9275,3.11,Monoclinic,0
ZnO,0.6465,1.19,Cubic,0
GaAs,0.6722,2.4,Orthorhombic,0
Si,0.5492,3.18,Tetragonal,0
Si,0.2669,1.26,Monoclinic,0
ZnO,0.1845,2.45,Monoclinic,1
ZnO,0.4172,3.31,Cubic,1
ZnO,0.9336,1.65,Cubic,0
CuO,0.0834,1.99,Orthorhombic,0
CuMnSnO,0.8549,3.19,Hexagonal,0
GaAs,0.3914,1.45,Monoclinic,0
Ge,0.0101,1.96,Hexagonal,0
CuO,0.8199,2.67,Hexagonal,0
CuO,0.2867,3.25,Monoclinic,1
CuMnSnO,0.8379,2.59,Monoclinic,0
Si,0.3888,1.94,Tetragonal,0
Ge,0.3151,1.57,Monoclinic,0
GaAs,0.3367,1.49,Orthorhombic,0
CuO,0.3614,3.31,Cubic,1
Ge,0.1037,2.44,Monoclinic,1
Ge,0.0365,2.03,Orthorhombic,1
ZnO,0.9034,1.21,Hexagonal,0
CuO,0.3648,3.03,Hexagonal,1
CuMnSnO,0.769,1.12,Cubic,0
Si,0.4235,2.4,Orthorhombic,1
Si,0.5568,2.35,Tetragonal,0
CuO,0.5319,1.13,Cubic,0
CuO,0.0783,2.35,Hexagonal,1
CuMnSnO,0.548,1.73,Tetragonal,0
ZnO,0.2688,2.67,Cubic,1
CuMnSnO,0.754,1.12,Orthorhombic,0
CuO,0.2983,3.15,Cubic,1
CuO,0.4755,2.28,Hexagonal,1
ZnO,0.9134,1.1,Monoclinic,0
CuMnSnO,0.7317,3.32,Hexagonal,0
Ge,0.213,2.47,Tetragonal,1
CuMnSnO,0.604,3.14,Orthorhombic,0
CuO,0.4521,1.65,Hexagonal,0
GaAs,0.3463,3.24,Hexagonal,1
CuMnSnO,0.649,2.18,Monoclinic,0
GaAs,0.2793,2.35,Tetragonal,1
CuMnSnO,0.4594,2.58,Orthorhombic,1
CuO,0.6255,2.92,Monoclinic,0
Ge,0.8846,3.14,Tetragonal,0
GaAs,0.4615,3.48,Monoclinic,1
Si,0.038,1.69,Monoclinic,0
GaAs,0.2973,1.44,Cubic,0
ZnO,0.03,1.04,Orthorhombic,0
Ge,0.3357,1.75,Hexagonal,0
GaAs,0.9327,3.23,Tetragonal,0
Si,0.796,1.49,Cubic,0
GaAs,0.1977,3.49,Hexagonal,1
Ge,0.4312,1.73,Cubic,0
Si,0.945,3.44,Hexagonal,0
Ge,0.3479,1.74,Monoclinic,0
Si,0.705,1.34,Monoclinic,0
CuMnSnO,0.6576,2.79,Hexagonal,0
GaAs,0.0175,2.45,Cubic,1
GaAs,0.2914,1.07,Tetragonal,0
ZnO,0.5051,2.35,Hexagonal,0
Si,0.9882,1.38,Cubic,0
ZnO,0.7995,2.81,Monoclinic,0
ZnO,0.8642,1.98,Orthorhombic,0
ZnO,0.9336,2.63,Orthorhombic,0
CuMnSnO,0.3267,3.14,Orthorhombic,1
Ge,0.7627,3.15,Hexagonal,0
Si,0.4329,2.73,Cubic,1
CuMnSnO,0.4634,2.68,Tetragonal,1
CuO,0.8331,1.66,Monoclinic,0
CuO,0.5897,2.17,Cubic,0
Si,0.6696,3.27,Hexagonal,0
Si,0.4125,1.31,Cubic,0
ZnO,0.1178,3.33,Orthorhombic,1
GaAs,0.5247,2.82,Orthorhombic,0
CuMnSnO,0.4233,1.65,Cubic,0
ZnO,0.7051,1.58,Orthorhombic,0
CuMnSnO,0.3101,3.24,Hexagonal,1
GaAs,0.2566,3.34,Orthorhombic,1
Ge,0.0363,1.52,Orthorhombic,0
Ge,0.7806,1.63,Hexagonal,0
Si,0.5602,3.45,Tetragonal,0
Ge,0.8095,2.99,Orthorhombic,0
GaAs,0.5132,1.95,Monoclinic,0
Si,0.9685,2.37,Monoclinic,0
CuMnSnO,0.283,2.03,Orthorhombic,1
Ge,0.7319,1.3,Tetragonal,0
Si,0.2091,3.02,Hexagonal,1
Si,0.8274,1.71,Monoclinic,0
ZnO,0.1754,1.71,Tetragonal,0
Ge,0.3226,1.41,Orthorhombic,0
GaAs,0.0876,2.56,Monoclinic,1
Ge,0.9618,1.87,Tetragonal,0
ZnO,0.8231,3.33,Tetragonal,0
ZnO,0.9688,2.33,Orthorhombic,0
CuO,0.6915,3.02,Hexagonal,0
GaAs,0.1887,1.46,Tetragonal,0
Ge,0.2067,1.37,Hexagonal,0
Ge,0.8893,1.93,Cubic,0
ZnO,0.487,2.94,Cubic,1
CuMnSnO,0.8916,1.45,Cubic,0
Si,0.9581,1.93,Cubic,0
ZnO,0.2261,1.56,Cubic,0
GaAs,0.6069,2.46,Tetragonal,0
GaAs,0.4791,2.22,Hexagonal,1
ZnO,0.5059,1.42,Tetragonal,0
Ge,0.7958,1.17,Cubic,0
Si,0.2321,3.43,Orthorhombic,1
Ge,0.112,2.34,Monoclinic,1
CuMnSnO,0.8393,2.47,Monoclinic,0
CuO,0.5428,1.98,Tetragonal,0
CuO,0.4246,2.57,Cubic,1
CuMnSnO,0.9376,1.27,Hexagonal,0
Si,0.7519,1.31,Orthorhombic,0
Ge,0.0909,2.37,Cubic,1
Ge,0.0719,1.19,Monoclinic,0
CuMnSnO,0.2114,2.21,Hexagonal,1
CuO,0.783,2.36,Orthorhombic,0
CuO,0.0863,2.51,Cubic,1
ZnO,0.1738,2.71,Monoclinic,1
CuMnSnO,0.4842,1.6,Hexagonal,0
CuO,0.757,2.27,Orthorhombic,0
CuMnSnO,0.6583,1.69,Orthorhombic,0
CuO,0.342,2.11,Tetragonal,1
Ge,0.6514,2.72,Hexagonal,0
ZnO,0.9464,2.92,Monoclinic,0
CuO,0.6585,2.42,Tetragonal,0
CuO,0.303,1.65,Hexagonal,0
CuMnSnO,0.62,2.92,Tetragonal,0
CuO,0.7543,2.0,Tetragonal,0
ZnO,0.0673,1.8,Hexagonal,0
CuMnSnO,0.5165,2.81,Hexagonal,0
GaAs,0.3768,1.56,Orthorhombic,0
GaAs,0.1557,2.22,Orthorhombic,1
ZnO,0.4971,1.73,Tetragonal,0
Ge,0.9371,2.48,Monoclinic,0
ZnO,0.136,1.9,Orthorhombic,0
GaAs,0.689,2.29,Tetragonal,0
ZnO,0.2974,2.82,Hexagonal,1
ZnO,0.7751,2.95,Hexagonal,0
Si,0.8967,1.14,Hexagonal,0
GaAs,0.6937,1.64,Monoclinic,0
CuO,0.4687,2.18,Monoclinic,1
CuMnSnO,0.4893,2.3,Orthorhombic,1
ZnO,0.3246,1.95,Monoclinic,0
GaAs,0.6614,3.32,Tetragonal,0
CuMnSnO,0.4714,3.01,Cubic,1
Si,0.1704,3.33,Tetragonal,1
CuMnSnO,0.5599,2.13,Hexagonal,0
ZnO,0.7877,1.91,Hexagonal,0
CuMnSnO,0.5509,2.03,Monoclinic,0
Ge,0.2001,1.84,Tetragonal,0
ZnO,0.3596,3.42,Orthorhombic,1
Ge,0.0376,3.25,Orthorhombic,1
GaAs,0.4953,2.78,Monoclinic,1
GaAs,0.4204,3.21,Orthorhombic,1
CuO,0.0733,1.03,Monoclinic,0
ZnO,0.8048,1.67,Hexagonal,0
Si,0.5955,1.01,Monoclinic,0
CuMnSnO,0.3553,3.14,Tetragonal,1
CuMnSnO,0.2946,1.44,Hexagonal,0
ZnO,0.303,2.71,Orthorhombic,1
Ge,0.4413,1.36,Tetragonal,0
Ge,0.542,1.3,Monoclinic,0
Ge,0.9714,1.28,Tetragonal,0
GaAs,0.2398,3.41,Cubic,1
ZnO,0.4967,2.94,Cubic,1
ZnO,0.11,2.38,Tetragonal,1
ZnO,0.4883,2.68,Tetragonal,1
ZnO,0.2773,2.67,Hexagonal,1
CuMnSnO,0.0519,1.61,Monoclinic,0
Ge,0.432,1.76,Orthorhombic,0
GaAs,0.3413,2.51,Monoclinic,1
CuO,0.6178,1.05,Monoclinic,0
Si,0.2076,1.14,Orthorhombic,0
Si,0.4708,1.54,Hexagonal,0
CuO,0.1993,1.42,Hexagonal,0
CuO,0.7085,3.45,Cubic,0
ZnO,0.6235,2.13,Tetragonal,0
CuO,0.3241,1.58,Tetragonal,0
CuMnSnO,0.241,2.96,Hexagonal,1
Ge,0.909,2.58,Orthorhombic,0
Ge,0.1177,2.81,Tetragonal,1
ZnO,0.0626,1.32,Tetragonal,0
Si,0.2516,2.84,Orthorhombic,1
CuO,0.8188,3.07,Monoclinic,0
Ge,0.7157,1.88,Cubic,0
GaAs,0.4953,2.16,Orthorhombic,1
ZnO,0.4082,3.24,Monoclinic,1
CuMnSnO,0.0229,3.48,Tetragonal,1
Ge,0.6044,1.65,Cubic,0
GaAs,0.6976,3.3,Hexagonal,0
Ge,0.8541,2.39,Hexagonal,0
CuO,0.8916,1.38,Cubic,0
Ge,0.8337,2.81,Monoclinic,0
CuO,0.1183,2.15,Tetragonal,1
CuMnSnO,0.6409,2.49,Hexagonal,0
Si,0.356,1.71,Orthorhombic,0
Si,0.2738,2.04,Tetragonal,1
CuMnSnO,0.0147,2.22,Cubic,1
CuO,0.4741,1.24,Cubic,0
Ge,0.1716,2.95,Hexagonal,1
Ge,0.8599,1.57,Orthorhombic,0
CuO,0.0242,2.67,Cubic,1
ZnO,0.4206,3.12,Hexagonal,1
GaAs,0.035,1.54,Tetragonal,0
GaAs,0.2807,2.59,Monoclinic,1
ZnO,0.5778,1.97,Hexagonal,0
ZnO,0.5059,2.85,Cubic,0
GaAs,0.027,2.61,Cubic,1
ZnO,0.9031,2.34,Orthorhombic,0
GaAs,0.5078,1.01,Tetragonal,0
GaAs,0.4864,2.95,Hexagonal,1
GaAs,0.1915,2.97,Tetragonal,1
ZnO,0.0403,3.19,Monoclinic,1
GaAs,0.6587,3.04,Hexagonal,0
ZnO,0.3875,1.3,Orthorhombic,0
GaAs,0.9738,2.04,Hexagonal,0
CuO,0.8218,2.88,Tetragonal,0
Ge,0.0847,2.19,Monoclinic,1
Ge,0.7854,1.4,Monoclinic,0
CuMnSnO,0.8683,2.12,Tetragonal,0
CuMnSnO,0.8895,1.03,Hexagonal,0
Ge,0.0459,3.36,Monoclinic,1
CuMnSnO,0.4329,1.54,Tetragonal,0
ZnO,0.1078,1.16,Cubic,0
Ge,0.7303,2.16,Hexagonal,0
CuO,0.9442,2.82,Orthorhombic,0
ZnO,0.0998,2.18,Tetragonal,1
ZnO,0.1932,2.84,Orthorhombic,1
ZnO,0.7469,3.39,Orthorhombic,0
CuO,0.4256,2.83,Hexagonal,1
CuMnSnO,0.5568,1.16,Monoclinic,0
GaAs,0.4928,1.13,Monoclinic,0
GaAs,0.1152,3.36,Tetragonal,1
Si,0.1096,1.46,Cubic,0
CuMnSnO,0.9195,2.13,Orthorhombic,0
CuO,0.0168,3.31,Tetragonal,1
Si,0.0666,3.37,Hexagonal,1
ZnO,0.3958,2.81,Hexagonal,1
GaAs,0.214,1.58,Tetragonal,0
Ge,0.995,3.01,Hexagonal,0
Si,0.7142,1.51,Orthorhombic,0
GaAs,0.2477,2.46,Orthorhombic,1
CuMnSnO,0.6457,1.78,Cubic,0
Ge,0.2329,2.97,Hexagonal,1
ZnO,0.2337,2.61,Orthorhombic,1
CuO,0.0981,2.13,Orthorhombic,1
Ge,0.2245,1.37,Cubic,0
CuO,0.6852,1.1,Orthorhombic,0
Ge,0.5824,1.0,Orthorhombic,0
ZnO,0.7021,2.91,Cubic,0
Ge,0.7759,1.21,Orthorhombic,0
GaAs,0.136,3.07,Orthorhombic,1
Si,0.0526,1.97,Monoclinic,0
Ge,0.1951,1.99,Monoclinic,0
CuO,0.3075,1.02,Orthorhombic,0
Ge,0.9096,2.74,Orthorhombic,0
GaAs,0.7519,2.59,Cubic,0
CuO,0.2859,2.33,Monoclinic,1
GaAs,0.7298,1.09,Cubic,0
ZnO,0.6633,2.8,Orthorhombic,0
ZnO,0.8693,2.23,Hexagonal,0
CuO,0.1378,2.05,Tetragonal,1
CuMnSnO,0.6674,2.09,Monoclinic,0
Ge,0.3259,3.37,Tetragonal,1
Si,0.9427,1.21,Monoclinic,0
CuO,0.9624,2.64,Monoclinic,0
ZnO,0.3273,3.17,Hexagonal,1
GaAs,0.5197,2.18,Tetragonal,0
Ge,0.5065,2.81,Hexagonal,0
GaAs,0.7861,2.27,Orthorhombic,0
Si,0.3225,2.31,Hexagonal,1
GaAs,0.4865,2.97,Orthorhombic,1
ZnO,0.5664,1.08,Monoclinic,0
CuO,0.3582,3.37,Monoclinic,1
Ge,0.0776,2.05,Tetragonal,1
ZnO,0.6833,1.93,Cubic,0
Ge,0.563,2.57,Monoclinic,0
ZnO,0.4068,1.85,Tetragonal,0
GaAs,0.9828,2.46,Orthorhombic,0
CuMnSnO,0.0532,2.96,Monoclinic,1
CuMnSnO,0.1502,1.99,Tetragonal,0
Si,0.5958,2.01,Cubic,0
GaAs,0.6057,1.39,Tetragonal,0
CuO,0.5977,1.94,Orthorhombic,0
Ge,0.1277,2.48,Monoclinic,1
CuO,0.792,2.83,Hexagonal,0
Ge,0.6874,1.48,Cubic,0
Si,0.5132,3.36,Orthorhombic,0
CuMnSnO,0.0365,2.65,Cubic,1
CuMnSnO,0.3455,1.94,Orthorhombic,0
Ge,0.1746,2.18,Orthorhombic,1
CuMnSnO,0.6497,1.24,Tetragonal,0
ZnO,0.2076,2.26,Orthorhombic,1
Si,0.8579,3.08,Tetragonal,0
Si,0.2527,1.89,Cubic,0
CuO,0.763,1.11,Hexagonal,0
CuO,0.1841,1.8,Orthorhombic,0
Ge,0.4602,1.16,Tetragonal,0
CuO,0.7138,3.02,Tetragonal,0
ZnO,0.8581,3.2,Orthorhombic,0
GaAs,0.5588,3.26,Cubic,0
GaAs,0.9574,2.81,Hexagonal,0
GaAs,0.7018,1.19,Tetragonal,0
Ge,0.2445,1.69,Monoclinic,0
CuO,0.2427,2.85,Cubic,1
Si,0.0457,1.22,Tetragonal,0
ZnO,0.5436,1.32,Cubic,0
GaAs,0.9503,1.06,Orthorhombic,0
Si,0.0743,2.26,Monoclinic,1
CuO,0.5914,2.36,Monoclinic,0
ZnO,0.3199,3.14,Hexagonal,1
ZnO,0.7594,2.45,Hexagonal,0
CuMnSnO,0.5181,1.4,Orthorhombic,0
ZnO,0.5491,2.37,Tetragonal,0
Ge,0.8333,2.34,Monoclinic,0
Ge,0.09,1.63,Hexagonal,0
ZnO,0.725,3.28,Tetragonal,0
CuMnSnO,0.6968,2.2,Hexagonal,0
Si,0.3058,1.14,Orthorhombic,0
ZnO,0.0128,1.24,Tetragonal,0
CuO,0.5521,2.42,Monoclinic,0
Si,0.0957,2.98,Cubic,1
CuMnSnO,0.358,3.45,Hexagonal,1
GaAs,0.8551,1.01,Cubic,0
ZnO,0.6129,1.92,Cubic,0
CuMnSnO,0.3503,1.49,Monoclinic,0
ZnO,0.4554,2.44,Orthorhombic,1
CuO,0.3527,1.11,Cubic,0
ZnO,0.6746,1.67,Hexagonal,0
Ge,0.7941,1.83,Tetragonal,0
CuO,0.4166,1.19,Hexagonal,0
Si,0.1079,1.0,Tetragonal,0
Ge,0.082,2.78,Tetragonal,1
Si,0.8884,1.42,Hexagonal,0
GaAs,0.6207,1.29,Tetragonal,0
GaAs,0.6011,2.46,Hexagonal,0
Ge,0.4928,1.49,Cubic,0
CuMnSnO,0.2644,2.16,Orthorhombic,1
GaAs,0.8155,2.36,Cubic,0
CuO,0.4863,2.33,Hexagonal,1
GaAs,0.1034,1.4,Monoclinic,0
GaAs,0.6416,1.51,Cubic,0
CuMnSnO,0.2307,3.46,Tetragonal,1
GaAs,0.5724,2.05,Cubic,0
GaAs,0.9328,2.57,Cubic,0
Si,0.0329,3.39,Monoclinic,1
Ge,0.6093,2.08,Monoclinic,0
Ge,0.3832,2.15,Monoclinic,1
ZnO,0.8885,1.36,Monoclinic,0
Ge,0.7669,1.04,Cubic,0
ZnO,0.7662,1.81,Hexagonal,0
CuMnSnO,0.9766,1.46,Orthorhombic,0
GaAs,0.7994,3.2,Monoclinic,0
CuMnSnO,0.5148,1.95,Hexagonal,0
ZnO,0.427,2.03,Orthorhombic,1
CuMnSnO,0.8062,1.47,Tetragonal,0
GaAs,0.4027,2.13,Cubic,1
Si,0.3965,1.48,Hexagonal,0
GaAs,0.5474,1.48,Cubic,0
Ge,0.4677,2.18,Monoclinic,1
CuO,0.5797,1.43,Hexagonal,0
Ge,0.647,2.07,Tetragonal,0
GaAs,0.9448,3.39,Hexagonal,0
GaAs,0.8691,2.65,Tetragonal,0
Si,0.0339,3.05,Tetragonal,1
ZnO,0.9293,1.4,Cubic,0
CuO,0.7726,3.22,Tetragonal,0
CuO,0.0865,2.68,Monoclinic,1
CuO,0.1048,3.25,Cubic,1
Si,0.7154,3.25,Cubic,0
CuMnSnO,0.6459,2.26,Hexagonal,0
CuO,0.7552,2.04,Monoclinic,0
ZnO,0.361,1.72,Monoclinic,0
CuMnSnO,0.0766,2.88,Monoclinic,1
CuMnSnO,0.9753,1.29,Cubic,0
CuO,0.433,1.96,Tetragonal,0
ZnO,0.4295,1.26,Orthorhombic,0
Ge,0.6802,1.7,Monoclinic,0
CuO,0.4049,3.17,Orthorhombic,1
CuMnSnO,0.2604,2.53,Tetragonal,1
GaAs,0.7698,2.18,Monoclinic,0
Ge,0.0126,2.8,Hexagonal,1
Ge,0.3986,3.17,Tetragonal,1
CuMnSnO,0.1067,3.3,Cubic,1
CuMnSnO,0.9533,1.98,Hexagonal,0
CuO,0.8713,1.31,Orthorhombic,0
ZnO,0.6934,2.49,Hexagonal,0
GaAs,0.6164,1.4,Cubic,0
ZnO,0.3479,2.38,Cubic,1
Si,0.4525,1.79,Monoclinic,0
CuMnSnO,0.5633,1.84,Tetragonal,0
GaAs,0.6768,2.38,Hexagonal,0
ZnO,0.9234,1.01,Hexagonal,0
ZnO,0.564,1.03,Tetragonal,0
CuO,0.2393,2.91,Orthorhombic,1
GaAs,0.7641,2.02,Cubic,0
Ge,0.4397,1.69,Tetragonal,0
CuO,0.8752,1.1,Orthorhombic,0
CuMnSnO,0.6071,1.93,Hexagonal,0
GaAs,0.9687,1.9,Tetragonal,0
ZnO,0.4111,3.44,Hexagonal,1
Ge,0.3674,2.69,Hexagonal,1
CuMnSnO,0.2097,2.59,Monoclinic,1
ZnO,0.0495,1.24,Orthorhombic,0
Si,0.9628,1.57,Orthorhombic,0
Ge,0.8733,2.28,Cubic,0
GaAs,0.5046,2.22,Tetragonal,0
ZnO,0.9457,1.41,Tetragonal,0
Si,0.7663,1.33,Monoclinic,0
Ge,0.7828,1.46,Cubic,0
Si,0.2874,2.25,Cubic,1
Ge,0.7899,2.94,Monoclinic,0
ZnO,0.1818,3.32,Orthorhombic,1
GaAs,0.6923,1.98,Orthorhombic,0
GaAs,0.3529,1.38,Monoclinic,0
GaAs,0.4259,1.73,Hexagonal,0
GaAs,0.7592,1.07,Tetragonal,0
Si,0.7734,3.42,Cubic,0
Si,0.0492,1.5,Hexagonal,0
Si,0.2443,2.28,Orthorhombic,1
CuMnSnO,0.5088,1.84,Tetragonal,0
CuMnSnO,0.8742,1.43,Tetragonal,0
Si,0.7663,1.9,Hexagonal,0
Si,0.4856,1.68,Hexagonal,0
ZnO,0.5327,2.48,Monoclinic,0
CuMnSnO,0.9154,1.22,Tetragonal,0
GaAs,0.152,3.11,Cubic,1
Ge,0.4767,2.26,Hexagonal,1
Si,0.9869,2.29,Hexagonal,0
Ge,0.5894,3.39,Orthorhombic,0
Ge,0.8072,2.82,Tetragonal,0
Ge,0.02,2.58,Cubic,1
Si,0.2967,2.12,Orthorhombic,1
CuO,0.2922,3.37,Tetragonal,1
Ge,0.9902,2.36,Cubic,0
GaAs,0.8719,2.58,Cubic,0
GaAs,0.1592,3.22,Cubic,1
Ge,0.1708,2.36,Monoclinic,1
Si,0.7573,2.91,Orthorhombic,0
ZnO,0.4912,3.15,Hexagonal,1
GaAs,0.7382,2.11,Cubic,0
CuMnSnO,0.6151,2.24,Monoclinic,0
Ge,0.0488,1.35,Cubic,0
GaAs,0.0728,1.12,Cubic,0
Ge,0.2471,2.51,Tetragonal,1
CuMnSnO,0.3445,1.66,Monoclinic,0
Ge,0.0591,3.05,Tetragonal,1
Ge,0.122,2.49,Tetragonal,1
GaAs,0.0818,1.7,Hexagonal,0
ZnO,0.8792,3.5,Tetragonal,0
ZnO,0.7957,2.55,Monoclinic,0
GaAs,0.1013,3.09,Tetragonal,1
CuMnSnO,0.0739,2.88,Cubic,1
Si,0.496,3.23,Tetragonal,1
ZnO,0.6514,3.32,Tetragonal,0
CuO,0.825,1.08,Tetragonal,0
CuO,0.0411,2.94,Tetragonal,1
ZnO,0.587,3.1,Hexagonal,0
CuMnSnO,0.8986,3.04,Monoclinic,0
Ge,0.6739,2.47,Orthorhombic,0
CuO,0.7,2.39,Cubic,0
CuO,0.5694,1.52,Hexagonal,0
GaAs,0.7828,2.19,Tetragonal,0
GaAs,0.6699,2.11,Monoclinic,0
Si,0.0177,1.47,Orthorhombic,0
CuO,0.3002,3.0,Tetragonal,1
